strokes,count,token,character,encoding,decomposable,derivedCode,mismatch
),120,909,⿶,),false,,
),246,908,⿷,),false,,
),930,906,⿴,),false,,
),1392,907,⿵,),false,,
),1432,911,⿹,),false,,
),2584,910,⿸,),false,,
),5276,913,⿻,),false,,
-,393,2,㇀,-,false,,
----iv-,170,182,言,4o,maybe,,
----iv-AS,500,183,讠,4oAS,maybe,,
----iv-AT,898,181,訁,4oAT,maybe,,
---i8,128,156,耒,3w,maybe,,=m
--i,358,129,干,j,maybe,,
--i-,302,99,王,j-,,,
--i-A,430,98,𤣩,j-A,maybe,,
--i-V,226,100,龶,j-V,maybe,,
--i8,222,61,未,j8,maybe,,-m
--i8X,38,60,末,j8X,maybe,,-mX
--iX,62,142,于,jX,maybe,,
--iXX,370,128,𰀁,jXX,,,
-a,1499,95,大,q,maybe,,
-al,229,72,犬,/v/,true,,
-i,3047,58,十,0,false,,
-i-,515,139,工,(j/t/r-),false,,r-
-i---i,409,176,耳,(j/t/r-)j,maybe,,r3l
-i---vljjj,150,186,髟,(j/t/r-)=d3,,,r3d/3
-i-A,1098,140,扌,(j/t/r-)A,,,jA
-i-X,2956,146,土,(j/t/r-)X,false,,t
-i8,3999,96,木,m,false,,
-i8V,192,97,朩,mV,,,
-iX,966,59,𬺰,0X,,,
-ii,744,133,卄,h,,,
-ii-.iv-.-i,330,160,革,h-.o.0,true,,h-o0
-iiT,20,138,⻀,hT,false,,
-iiV,3004,135,艹,hV,false,,
-iilj-T,34,259,亞,hhT,true,,
-iv-,60,48,五,0c,true,,rc
-iv-iv,238,251,臣,0cn,,,rclv
-.iv-lj-.-il,7,230,𭔰,-.oh.0\,,,-oh0\
-.ivi,444,254,帀,-.nl,maybe,,-nL
-.iviX,42,253,巿,-.nlX,maybe,,-nlX4
-ivii-,294,41,覀,0(vl/u)f,,,-n8-
-ivillll,258,166,雨,0(vl/u)4,,,-nl4
-ivillllV,242,167,⻗,0(vl/u)4V,,,-nl4
-ivjv-,494,46,西,0v(9/y)-,,,-ny-
-j,1258,81,厂,r,,,
-j--vjl,150,180,辰,r=va,,,
-jX,1525,79,丆,rX,false,,
-jXX,772,82,𠂇,rXX,,,
-ji,51,137,丌,rl,,,h
-jiX,461,134,廾,rlX,false,,hX
-jiv---8S,482,268,页,re8S,true,,
-jiv---8T,482,269,頁,re8T,true,,
-jivii,210,193,而,rn8,true,,
-jjv--,100,229,有,rg,true,,
-jv,92,77,尢,rv,false,,
-jvjj.jl,217,71,豕,rv//.a,,,rv//a
-jvjl,310,252,戊,rva,,,
-jvjlS,42,174,龙,rvaS,true,,
-jvjlT,118,175,龍,rvaT,,,
-v,265,122,匚,(7/-v),,,-v
-v-iS,185,172,车,(7/-v)0S,,,70S
-v-iT,379,171,車,(7/-v)0T,maybe,,70T
-v-iiv,8,244,𦣝,(7/-v)hv,,,-v-llv
-v-v,287,188,比,(7/-v)(7/-v),,,77
-vjl,1106,144,戈,(7/-v)a,,,-va
-vjv,60,78,兂,(7/-v)(9/y),maybe,,-vy
-vl,554,145,弋,(7/-v)\,,,7\
-vvl,127,161,瓦,(7/-v)d,,,-vvl
1,12001,1,一,1,,,-
2,1021,26,二,2,,,=
3,749,33,三,3,,,
4,22,42,四,4,true,,oy
5,104,49,𫝀,5,,,lc
7,193,52,七,7,false,,
8,3037,53,八,8,false,,
9,272,55,九,?,,,
?,14,224,𭃂,?,,,
?,29,147,㇯,?,,,
V-,766,17,乛,V-,,,
V-i,841,20,𠃍,V0,,,V-l
V-i-,145,25,㇍,V(j/t/r-),,,V-l-
V-i-X,170,21,㇈,V(j/t/r-)X,,,V-l-X
V-iX,1069,18,𠃌,V0X,,,V-lX
V-j,537,13,㇇,Vr,,,
V-j-,115,10,乙,Vr-,,,
V-l,79,22,⺄,V-\,,,V-l
Vi,972,15,𠄌,Vl,,,
Vi-,617,14,𠃊,Vf,,,Vl-
Vi-X,1136,11,乚,VfX,,,Vl-X
Vi-i,689,19,㇉,Vfl,,,Vl-l
Vj-,1199,12,𠃋,Vf,,,Vj-
Vj-j,14,24,ㄣ,Vf/,,,Vjr
Vl,135,16,㇂,V\,,,Vl
_,1664,912,⿺,_,false,,
_,16976,900,⿰,_,false,,
_,16976,902,⿰,_,false,,
__,468,903,⿲,__,,,
a,2841,92,人,a,false,,
a--ilj-,130,201,金,ajh,true,,
a--ilj-A,810,202,釒,ajhA,true,,
a--ilj-AS,542,203,钅,ajhAS,true,,
aV,291,91,𠆢,aV,false,,
al,431,233,亽,a\,true,,
alv--vjlAT,360,154,飠,a\c(7/-v)aAT,true,,a\c7aAT
alv--vjl,90,155,食,a\c(7/-v)a,true,,a\c7a
i,6212,3,丨,l,false,,
i-,450,127,⺊,f,false,,
-i-vj,100,250,北,(j/t/r-)v/,maybe,,j7
i-a,447,239,龰,fa,maybe,,
i-i-,882,211,止,ff,maybe,,
i-i-viaS,34,210,齿,ff(vl/u)aS,true,,ffuaS
i-i-viaT,110,209,齒,ff(vl/u)aT,true,,ffuaT
i-iv.-,12,148,𣦵,fn.-,,,fn-
i-iv-,160,225,占,fo,true,,
i-ivx-T,46,153,鹵,fnx-T,true,,
i-vj.-v,418,191,虍,fv/.(7/-v),true,,fvj7
i8,816,39,小,w,maybe,,
i8A,607,169,忄,wA,maybe,,
i8j,128,263,少,w/,true,,
iX,1358,4,亅,lX,false,,
ii,748,30,刂,8,maybe,,
iilj-,224,217,业,8h,maybe,,
i.ivjjv,15,237,宅,l./v/(9/y),true,,in/v
ij,6,31,リ,8,maybe,,
il,115,126,卜,f,false,,
i.l-.jl,217,36,氺,l.=.a,maybe,,l=a
ilj,198,40,⺌,w,true,,wXX
iv,2366,104,冂,n,false,,
iv-,8539,113,口,o,false,,
iv--,3171,130,日,b,maybe,,
iv---,1969,119,目,e,false,,
iv---8S,482,120,贝,e8S,true,,
iv---8T,482,267,貝,e8T,true,,
iv--.-i-a,92,219,是,b.(j/t/r-)a,true,,b-fa
iv---v,26,218,鼎,ev,true,,
iv--V,4,131,⺜,bV,,,
iv--X,576,132,曰,bX,,,
iv--i,50,63,甲,bl,maybe,,
iv--iX,142,62,申,blX,,,
iv--vv-v-i-,3,258,𠁁,bvccf,,,lv--vv-v-l-
iv-X,788,114,囗,oX,,,
iv-i-,1440,65,田,of,true,,
iv-i-X,290,221,由,ofX,,,
iv-i-l,1020,178,虫,of\,,,
iv-iv--vT,58,121,黽,obvT,true,,
iv-vi-v,27,241,邑,o(vl/u)(7/-v),true,,ov=v
ivV,2199,106,冖,nV,false,,
i.vi,1116,179,山,l.(vl/u),true,,lu
ivii-,417,44,皿,n8-,maybe,,nh
ivii---,66,66,囬,n83,true,,
ivii-V,524,45,罒,n8-V,,,nhV
ivilj-.iv--,80,247,𭥴,nw-.b,,,nw-b
ivj,370,70,犭,/v/,false,,/v/A
ivjl,184,37,水,/v/\,maybe,,lva
ivlj--i-llll,182,194,黑,nh(j/t/r-)4,,,nh3\
ivviv.g,206,212,骨,n(vl/u)v.g,true,,nvn.g
j,8832,5,丿,/,false,,
j---.i---,264,158,非,f=.f=,,,/3l3
j.--i,91,141,手,/.j,true,,/j
j--i-,128,234,生,f(j/t/r-),maybe,,ft
j.--ii-i-,54,262,垂,/.jff,true,,/-ht
j--v,171,238,毛,f(7/-v),,,/-7
j--vX,94,157,气,f(7/-v)X,,,f-vX
j-V,1755,90,𠂉,fV,maybe,,
j-i-,188,162,牛,ff,maybe,,f0
j-i-,274,163,𠂒,ff,maybe,,f=
j-i-vjl,100,235,我,ffva,true,,/jva
j-ij-i,98,205,竹,f80,maybe,,flfl
j-ij-iV,734,204,𥫗,f80V,,,flflV
j-ij-iiv---,6,149,𥬥,f8hc=,,,/-ij-iiv3
jV-i,390,108,⺆,n,,,nX
jV-i-,314,111,几,/V-i-,,,
jV-j,766,107,勹,/Vr,,,9
jV-jV,1161,105,⺈,/VrV,,,9V
jV-l,254,110,𠘨,/V-l,,,
jVi-,510,51,匕,(7/y),,,/Vi-
jVi-V,1282,64,儿,(7/y)V,,,y
jX,28,6,㇒,/X,,,
ji--v--,124,207,𦥑,a=c-,,,
ji-v,82,75,片,a(7/-v),,,/i-v
ji-v--,390,206,臼,a(7/-v)=,maybe,,a-c-
jiA,1488,89,亻,aA,,,
jil,28,35,𫶧,w,maybe,,wX
ji.l---i-,739,192,隹,a.=j-,,,a=j-
jiv---j,73,208,身,ac=/,maybe,,/e/
jiv-xjvjvl,8,243,𡕩,acx(9/y)(9/y)\,,,/iv-xjvjvl
jj,344,80,𠂆,//,false,,
jj-i,306,249,斤,//0,maybe,,//r
jji-ll,104,227,瓜,//f\\,true,,//d\
jjj,285,32,彡,3,,,/3
jjv--,314,231,𠔾,//c-,true,,/g
jl,104,93,入,a,,,/\
jlljvjjA,108,74,豸,a8v//A,,,/\\/v//A
jlllV,677,43,灬,w\V,,,
jv--,1630,115,月,g,maybe,,
jv--A,261,116,⺝,gA,,,
jv--ijl,3,242,𥘈,g8\,,,/vj/\
jv-v,120,187,氏,(9/y)(7/-v),,,/v7
ivaa,27,117,肉,naa,true,,
jviv-i--S,254,195,鱼,(9/y)of-S,,,9u-S
jviv-i--T,710,196,魚,(9/y)of-T,,,9u-T
jviv-jv,124,245,免,(9/y)o(9/y),,,9oy
jvjjjl,72,73,𧰨,(9/y)3\,,,y3l
jvjlV,319,143,𧘇,(9/y)aV,true,,yaV
jvl,654,54,夕,(9/y)\,,,9\
jvlX,616,56,夂,(9/y)\X,,,9\X
jvlXX,59,57,夊,(9/y)\XX,,,9\XX
jvll,759,168,心,(w/g),,,w
jvllA,145,118,⺼,(w/g)A,,,gA
jvlv-S,194,199,鸟,(9/y)\cS,maybe,,9\cS
jvlv-T,493,200,鳥,(9/y)\cT,,,9\cT
jvv--,0,266,刍,(9/y)c-,true,,9c-
jvvi-v,34,240,色,(9/y)(vl/u)(7/-v),true,,9vl-v
jvvl,66,232,及,(9/y)d,true,,94
jvvlA,368,152,殳,(9/y)dA,true,,y4A
jvvljv--,3,150,𦙍,(9/y)dg,true,,ydg
l,5276,7,丶,\,false,,
l-A,810,28,冫,=A,,,
l-V,2279,50,亠,=V,false,,
l-jl-,568,164,疒,=a-,,,=/=
l-jv,592,159,方,=(9/y),,,=/v
l-jvii-vjvj,226,248,鹿,=(9/y)8(7/-v)(9/y)/,true,,lrvii-vjvj
lX,595,8,乀,\X,,,
lXX,423,9,㇏,\XX,,,
livS,0,112,门,\nS,true,,
livT,0,109,門,\nT,false,,
lj-V,0,136,䒑,hV,true,,hVX
lj-V,136,䒑,h,hV,,,false
ljV,1971,29,丷,8V,false,,
ljjl,931,47,火,8a,,,
ll,912,27,⺀,\\,,,
ll-A,1668,34,氵,3A,true,,
lljV,484,38,𭕄,wV,,,
lv,948,177,辶,\v,,,
lv-j,132,84,戶,\c/,,,\cj
--ijl,256,184,示,ja,,,=w
--ijlA,257,185,礻,jaA,,,=wA
v-,1978,123,コ,c,false,,
v--,143,68,⺕,c-,,,
v----i,98,165,聿,c3l,true,,
v--lji8S,14,246,肃,c-8wS,,,c0/l8S
v--vjl,188,151,艮,c(7/-v)a,,,c-va
v-X,82,216,ユ,cX,,,
v-j,643,83,尸,c/,,,
v?,133,23,㇡,v?,,,
vi,1105,67,凵,(vl/u),,,u
vi-j,192,76,爿,(vl/u)r,,,vlr
viA,140,214,卩,(vl/u)A,,,vlA
viX,590,87,了,(vl/u)X,,,vlX
viXX,256,88,𠄐,(vl/u)XX,,,vlXX
vj,463,86,刀,v/,false,,
vj-,497,69,女,vf,,,/j-
vjX,470,85,力,v/X,false,,
vjii-,32,260,丱,vaf,maybe,,v/lf
vjivl,178,236,皮,vad,,,v/l4
vjl,100,220,刃,va,true,,v/l
vjlT,22,170,飛,vaT,,,
vl,33,215,ス,d,,,vl
vl,1900,125,厶,d,false,,
vl-i-,34,264,𢀖,d(j/t/r-),,,vl-i-
vlA,174,173,廴,dA,,,4A
vlV,0,124,龴,dV,false,,
vlX,1296,103,又,dX,,,4
v.li.v.li,584,190,羽,v.\l.v.\l,,,v=v=
vljil,40,228,𠫝,dw,,,
vljjlV,168,94,癶,d//\V,,,vljaV
vv-S,150,198,马,vcS,,,vv-S
vv-T,399,197,馬,vcT,,,vv-T
vv-i,3,223,毋,vcl,,,vv0
vvi,830,213,阝,v(vl/u),,,vvi
vvl,0,265,幺,vd,true,,
vvl-l,99,222,母,vd-\,true,,vvl-l
vvljllA,776,189,糹,vda\A,true,,vdwAT
vvljllAS,351,261,纟,vda\AS,maybe,,vdwAS
vvlvvl,182,226,𢆶,vdvd,,,
x,1008,101,乂,x,false,,
xX,505,102,㐅,xX,false,,
|,25972,904,⿱,|,false,,
||,1383,905,⿳,||,false,,
